market,period,metric,value,edition,source_file
Silicon Valley,H1 2016,new_deliveries_mw,10.3,H1 2026 chapter history,data/raw/market_reports/2026-09-21/cbre_h1_2026_silicon_valley_infogram/fig2_Silicon_Valley_Fig_1_24055fdc-ac59-4de3-a70e-0be1bfb25cf9_table1.csv
Silicon Valley,H1 2016,new_deliveries_mw,10.3,H2 2025 chapter history,data/raw/market_reports/2026-09-21/cbre_h2_2025_silicon_valley_infogram/fig2_Silicon_Valley_FIG01_ece2759c-ff47-43f2-a2a0-b220281a1342_table1.csv
Silicon Valley,H1 2016,preleased_mw,41.5,H1 2026 chapter history,data/raw/market_reports/2026-09-21/cbre_h1_2026_silicon_valley_infogram/fig2_Silicon_Valley_Fig_1_24055fdc-ac59-4de3-a70e-0be1bfb25cf9_table1.csv
Silicon Valley,H1 2016,preleased_mw,41.5,H2 2025 chapter history,data/raw/market_reports/2026-09-21/cbre_h2_2025_silicon_valley_infogram/fig2_Silicon_Valley_FIG01_ece2759c-ff47-43f2-a2a0-b220281a1342_table1.csv
Silicon Valley,H1 2016,under_construction_mw,43.5,H1 2026 chapter history,data/raw/market_reports/2026-09-21/cbre_h1_2026_silicon_valley_infogram/fig2_Silicon_Valley_Fig_1_24055fdc-ac59-4de3-a70e-0be1bfb25cf9_table1.csv
Silicon Valley,H1 2016,under_construction_mw,43.5,H2 2025 chapter history,data/raw/market_reports/2026-09-21/cbre_h2_2025_silicon_valley_infogram/fig2_Silicon_Valley_FIG01_ece2759c-ff47-43f2-a2a0-b220281a1342_table1.csv
Silicon Valley,H1 2016,vacancy_pct,8.8,H1 2026 chapter history,data/raw/market_reports/2026-09-21/cbre_h1_2026_silicon_valley_infogram/fig2_Silicon_Valley_Fig_1_24055fdc-ac59-4de3-a70e-0be1bfb25cf9_table1.csv
Silicon Valley,H1 2016,vacancy_pct,8.8,H2 2025 chapter history,data/raw/market_reports/2026-09-21/cbre_h2_2025_silicon_valley_infogram/fig2_Silicon_Valley_FIG01_ece2759c-ff47-43f2-a2a0-b220281a1342_table1.csv
Silicon Valley,H2 2016,new_deliveries_mw,6.0,H1 2026 chapter history,data/raw/market_reports/2026-09-21/cbre_h1_2026_silicon_valley_infogram/fig2_Silicon_Valley_Fig_1_24055fdc-ac59-4de3-a70e-0be1bfb25cf9_table1.csv
Silicon Valley,H2 2016,new_deliveries_mw,6.0,H2 2025 chapter history,data/raw/market_reports/2026-09-21/cbre_h2_2025_silicon_valley_infogram/fig2_Silicon_Valley_FIG01_ece2759c-ff47-43f2-a2a0-b220281a1342_table1.csv
Silicon Valley,H2 2016,preleased_mw,35.5,H1 2026 chapter history,data/raw/market_reports/2026-09-21/cbre_h1_2026_silicon_valley_infogram/fig2_Silicon_Valley_Fig_1_24055fdc-ac59-4de3-a70e-0be1bfb25cf9_table1.csv
Silicon Valley,H2 2016,preleased_mw,35.5,H2 2025 chapter history,data/raw/market_reports/2026-09-21/cbre_h2_2025_silicon_valley_infogram/fig2_Silicon_Valley_FIG01_ece2759c-ff47-43f2-a2a0-b220281a1342_table1.csv
Silicon Valley,H2 2016,under_construction_mw,37.5,H1 2026 chapter history,data/raw/market_reports/2026-09-21/cbre_h1_2026_silicon_valley_infogram/fig2_Silicon_Valley_Fig_1_24055fdc-ac59-4de3-a70e-0be1bfb25cf9_table1.csv
Silicon Valley,H2 2016,under_construction_mw,37.5,H2 2025 chapter history,data/raw/market_reports/2026-09-21/cbre_h2_2025_silicon_valley_infogram/fig2_Silicon_Valley_FIG01_ece2759c-ff47-43f2-a2a0-b220281a1342_table1.csv
Silicon Valley,H2 2016,vacancy_pct,6.5,H1 2026 chapter history,data/raw/market_reports/2026-09-21/cbre_h1_2026_silicon_valley_infogram/fig2_Silicon_Valley_Fig_1_24055fdc-ac59-4de3-a70e-0be1bfb25cf9_table1.csv
Silicon Valley,H2 2016,vacancy_pct,6.5,H2 2025 chapter history,data/raw/market_reports/2026-09-21/cbre_h2_2025_silicon_valley_infogram/fig2_Silicon_Valley_FIG01_ece2759c-ff47-43f2-a2a0-b220281a1342_table1.csv
Silicon Valley,H1 2017,new_deliveries_mw,33.0,H1 2026 chapter history,data/raw/market_reports/2026-09-21/cbre_h1_2026_silicon_valley_infogram/fig2_Silicon_Valley_Fig_1_24055fdc-ac59-4de3-a70e-0be1bfb25cf9_table1.csv
Silicon Valley,H1 2017,new_deliveries_mw,33.0,H2 2025 chapter history,data/raw/market_reports/2026-09-21/cbre_h2_2025_silicon_valley_infogram/fig2_Silicon_Valley_FIG01_ece2759c-ff47-43f2-a2a0-b220281a1342_table1.csv
Silicon Valley,H1 2017,preleased_mw,4.5,H1 2026 chapter history,data/raw/market_reports/2026-09-21/cbre_h1_2026_silicon_valley_infogram/fig2_Silicon_Valley_Fig_1_24055fdc-ac59-4de3-a70e-0be1bfb25cf9_table1.csv
Silicon Valley,H1 2017,preleased_mw,4.5,H2 2025 chapter history,data/raw/market_reports/2026-09-21/cbre_h2_2025_silicon_valley_infogram/fig2_Silicon_Valley_FIG01_ece2759c-ff47-43f2-a2a0-b220281a1342_table1.csv
Silicon Valley,H1 2017,under_construction_mw,4.5,H1 2026 chapter history,data/raw/market_reports/2026-09-21/cbre_h1_2026_silicon_valley_infogram/fig2_Silicon_Valley_Fig_1_24055fdc-ac59-4de3-a70e-0be1bfb25cf9_table1.csv
Silicon Valley,H1 2017,under_construction_mw,4.5,H2 2025 chapter history,data/raw/market_reports/2026-09-21/cbre_h2_2025_silicon_valley_infogram/fig2_Silicon_Valley_FIG01_ece2759c-ff47-43f2-a2a0-b220281a1342_table1.csv
Silicon Valley,H1 2017,vacancy_pct,5.4,H1 2026 chapter history,data/raw/market_reports/2026-09-21/cbre_h1_2026_silicon_valley_infogram/fig2_Silicon_Valley_Fig_1_24055fdc-ac59-4de3-a70e-0be1bfb25cf9_table1.csv
Silicon Valley,H1 2017,vacancy_pct,5.4,H2 2025 chapter history,data/raw/market_reports/2026-09-21/cbre_h2_2025_silicon_valley_infogram/fig2_Silicon_Valley_FIG01_ece2759c-ff47-43f2-a2a0-b220281a1342_table1.csv
Silicon Valley,H2 2017,new_deliveries_mw,29.5,H1 2026 chapter history,data/raw/market_reports/2026-09-21/cbre_h1_2026_silicon_valley_infogram/fig2_Silicon_Valley_Fig_1_24055fdc-ac59-4de3-a70e-0be1bfb25cf9_table1.csv
Silicon Valley,H2 2017,new_deliveries_mw,29.5,H2 2025 chapter history,data/raw/market_reports/2026-09-21/cbre_h2_2025_silicon_valley_infogram/fig2_Silicon_Valley_FIG01_ece2759c-ff47-43f2-a2a0-b220281a1342_table1.csv
Silicon Valley,H2 2017,preleased_mw,0.0,H1 2026 chapter history,data/raw/market_reports/2026-09-21/cbre_h1_2026_silicon_valley_infogram/fig2_Silicon_Valley_Fig_1_24055fdc-ac59-4de3-a70e-0be1bfb25cf9_table1.csv
Silicon Valley,H2 2017,preleased_mw,0.0,H2 2025 chapter history,data/raw/market_reports/2026-09-21/cbre_h2_2025_silicon_valley_infogram/fig2_Silicon_Valley_FIG01_ece2759c-ff47-43f2-a2a0-b220281a1342_table1.csv
Silicon Valley,H2 2017,under_construction_mw,21.0,H1 2026 chapter history,data/raw/market_reports/2026-09-21/cbre_h1_2026_silicon_valley_infogram/fig2_Silicon_Valley_Fig_1_24055fdc-ac59-4de3-a70e-0be1bfb25cf9_table1.csv
Silicon Valley,H2 2017,under_construction_mw,21.0,H2 2025 chapter history,data/raw/market_reports/2026-09-21/cbre_h2_2025_silicon_valley_infogram/fig2_Silicon_Valley_FIG01_ece2759c-ff47-43f2-a2a0-b220281a1342_table1.csv
Silicon Valley,H2 2017,vacancy_pct,5.1,H1 2026 chapter history,data/raw/market_reports/2026-09-21/cbre_h1_2026_silicon_valley_infogram/fig2_Silicon_Valley_Fig_1_24055fdc-ac59-4de3-a70e-0be1bfb25cf9_table1.csv
Silicon Valley,H2 2017,vacancy_pct,5.1,H2 2025 chapter history,data/raw/market_reports/2026-09-21/cbre_h2_2025_silicon_valley_infogram/fig2_Silicon_Valley_FIG01_ece2759c-ff47-43f2-a2a0-b220281a1342_table1.csv
Silicon Valley,H1 2018,new_deliveries_mw,10.5,H1 2026 chapter history,data/raw/market_reports/2026-09-21/cbre_h1_2026_silicon_valley_infogram/fig2_Silicon_Valley_Fig_1_24055fdc-ac59-4de3-a70e-0be1bfb25cf9_table1.csv
Silicon Valley,H1 2018,new_deliveries_mw,10.5,H2 2025 chapter history,data/raw/market_reports/2026-09-21/cbre_h2_2025_silicon_valley_infogram/fig2_Silicon_Valley_FIG01_ece2759c-ff47-43f2-a2a0-b220281a1342_table1.csv
Silicon Valley,H1 2018,preleased_mw,13.5,H1 2026 chapter history,data/raw/market_reports/2026-09-21/cbre_h1_2026_silicon_valley_infogram/fig2_Silicon_Valley_Fig_1_24055fdc-ac59-4de3-a70e-0be1bfb25cf9_table1.csv
Silicon Valley,H1 2018,preleased_mw,13.5,H2 2025 chapter history,data/raw/market_reports/2026-09-21/cbre_h2_2025_silicon_valley_infogram/fig2_Silicon_Valley_FIG01_ece2759c-ff47-43f2-a2a0-b220281a1342_table1.csv
Silicon Valley,H1 2018,under_construction_mw,28.0,H1 2026 chapter history,data/raw/market_reports/2026-09-21/cbre_h1_2026_silicon_valley_infogram/fig2_Silicon_Valley_Fig_1_24055fdc-ac59-4de3-a70e-0be1bfb25cf9_table1.csv
Silicon Valley,H1 2018,under_construction_mw,28.0,H2 2025 chapter history,data/raw/market_reports/2026-09-21/cbre_h2_2025_silicon_valley_infogram/fig2_Silicon_Valley_FIG01_ece2759c-ff47-43f2-a2a0-b220281a1342_table1.csv
Silicon Valley,H1 2018,vacancy_pct,4.9,H1 2026 chapter history,data/raw/market_reports/2026-09-21/cbre_h1_2026_silicon_valley_infogram/fig2_Silicon_Valley_Fig_1_24055fdc-ac59-4de3-a70e-0be1bfb25cf9_table1.csv
Silicon Valley,H1 2018,vacancy_pct,4.9,H2 2025 chapter history,data/raw/market_reports/2026-09-21/cbre_h2_2025_silicon_valley_infogram/fig2_Silicon_Valley_FIG01_ece2759c-ff47-43f2-a2a0-b220281a1342_table1.csv
Silicon Valley,H2 2018,new_deliveries_mw,15.8,H1 2026 chapter history,data/raw/market_reports/2026-09-21/cbre_h1_2026_silicon_valley_infogram/fig2_Silicon_Valley_Fig_1_24055fdc-ac59-4de3-a70e-0be1bfb25cf9_table1.csv
Silicon Valley,H2 2018,new_deliveries_mw,15.8,H2 2025 chapter history,data/raw/market_reports/2026-09-21/cbre_h2_2025_silicon_valley_infogram/fig2_Silicon_Valley_FIG01_ece2759c-ff47-43f2-a2a0-b220281a1342_table1.csv
Silicon Valley,H2 2018,preleased_mw,0.0,H1 2026 chapter history,data/raw/market_reports/2026-09-21/cbre_h1_2026_silicon_valley_infogram/fig2_Silicon_Valley_Fig_1_24055fdc-ac59-4de3-a70e-0be1bfb25cf9_table1.csv
Silicon Valley,H2 2018,preleased_mw,0.0,H2 2025 chapter history,data/raw/market_reports/2026-09-21/cbre_h2_2025_silicon_valley_infogram/fig2_Silicon_Valley_FIG01_ece2759c-ff47-43f2-a2a0-b220281a1342_table1.csv
Silicon Valley,H2 2018,under_construction_mw,11.0,H1 2026 chapter history,data/raw/market_reports/2026-09-21/cbre_h1_2026_silicon_valley_infogram/fig2_Silicon_Valley_Fig_1_24055fdc-ac59-4de3-a70e-0be1bfb25cf9_table1.csv
Silicon Valley,H2 2018,under_construction_mw,11.0,H2 2025 chapter history,data/raw/market_reports/2026-09-21/cbre_h2_2025_silicon_valley_infogram/fig2_Silicon_Valley_FIG01_ece2759c-ff47-43f2-a2a0-b220281a1342_table1.csv
Silicon Valley,H2 2018,vacancy_pct,6.1,H1 2026 chapter history,data/raw/market_reports/2026-09-21/cbre_h1_2026_silicon_valley_infogram/fig2_Silicon_Valley_Fig_1_24055fdc-ac59-4de3-a70e-0be1bfb25cf9_table1.csv
Silicon Valley,H2 2018,vacancy_pct,6.1,H2 2025 chapter history,data/raw/market_reports/2026-09-21/cbre_h2_2025_silicon_valley_infogram/fig2_Silicon_Valley_FIG01_ece2759c-ff47-43f2-a2a0-b220281a1342_table1.csv
Silicon Valley,H1 2019,new_deliveries_mw,11.8,H1 2026 chapter history,data/raw/market_reports/2026-09-21/cbre_h1_2026_silicon_valley_infogram/fig2_Silicon_Valley_Fig_1_24055fdc-ac59-4de3-a70e-0be1bfb25cf9_table1.csv
Silicon Valley,H1 2019,new_deliveries_mw,11.8,H2 2025 chapter history,data/raw/market_reports/2026-09-21/cbre_h2_2025_silicon_valley_infogram/fig2_Silicon_Valley_FIG01_ece2759c-ff47-43f2-a2a0-b220281a1342_table1.csv
Silicon Valley,H1 2019,preleased_mw,24.0,H1 2026 chapter history,data/raw/market_reports/2026-09-21/cbre_h1_2026_silicon_valley_infogram/fig2_Silicon_Valley_Fig_1_24055fdc-ac59-4de3-a70e-0be1bfb25cf9_table1.csv
Silicon Valley,H1 2019,preleased_mw,24.0,H2 2025 chapter history,data/raw/market_reports/2026-09-21/cbre_h2_2025_silicon_valley_infogram/fig2_Silicon_Valley_FIG01_ece2759c-ff47-43f2-a2a0-b220281a1342_table1.csv
Silicon Valley,H1 2019,under_construction_mw,24.0,H1 2026 chapter history,data/raw/market_reports/2026-09-21/cbre_h1_2026_silicon_valley_infogram/fig2_Silicon_Valley_Fig_1_24055fdc-ac59-4de3-a70e-0be1bfb25cf9_table1.csv
Silicon Valley,H1 2019,under_construction_mw,24.0,H2 2025 chapter history,data/raw/market_reports/2026-09-21/cbre_h2_2025_silicon_valley_infogram/fig2_Silicon_Valley_FIG01_ece2759c-ff47-43f2-a2a0-b220281a1342_table1.csv
Silicon Valley,H1 2019,vacancy_pct,5.4,H1 2026 chapter history,data/raw/market_reports/2026-09-21/cbre_h1_2026_silicon_valley_infogram/fig2_Silicon_Valley_Fig_1_24055fdc-ac59-4de3-a70e-0be1bfb25cf9_table1.csv
Silicon Valley,H1 2019,vacancy_pct,5.4,H2 2025 chapter history,data/raw/market_reports/2026-09-21/cbre_h2_2025_silicon_valley_infogram/fig2_Silicon_Valley_FIG01_ece2759c-ff47-43f2-a2a0-b220281a1342_table1.csv
Silicon Valley,H2 2019,new_deliveries_mw,18.0,H1 2026 chapter history,data/raw/market_reports/2026-09-21/cbre_h1_2026_silicon_valley_infogram/fig2_Silicon_Valley_Fig_1_24055fdc-ac59-4de3-a70e-0be1bfb25cf9_table1.csv
Silicon Valley,H2 2019,new_deliveries_mw,18.0,H2 2025 chapter history,data/raw/market_reports/2026-09-21/cbre_h2_2025_silicon_valley_infogram/fig2_Silicon_Valley_FIG01_ece2759c-ff47-43f2-a2a0-b220281a1342_table1.csv
Silicon Valley,H2 2019,preleased_mw,6.0,H1 2026 chapter history,data/raw/market_reports/2026-09-21/cbre_h1_2026_silicon_valley_infogram/fig2_Silicon_Valley_Fig_1_24055fdc-ac59-4de3-a70e-0be1bfb25cf9_table1.csv
Silicon Valley,H2 2019,preleased_mw,6.0,H2 2025 chapter history,data/raw/market_reports/2026-09-21/cbre_h2_2025_silicon_valley_infogram/fig2_Silicon_Valley_FIG01_ece2759c-ff47-43f2-a2a0-b220281a1342_table1.csv
Silicon Valley,H2 2019,under_construction_mw,12.0,H1 2026 chapter history,data/raw/market_reports/2026-09-21/cbre_h1_2026_silicon_valley_infogram/fig2_Silicon_Valley_Fig_1_24055fdc-ac59-4de3-a70e-0be1bfb25cf9_table1.csv
Silicon Valley,H2 2019,under_construction_mw,12.0,H2 2025 chapter history,data/raw/market_reports/2026-09-21/cbre_h2_2025_silicon_valley_infogram/fig2_Silicon_Valley_FIG01_ece2759c-ff47-43f2-a2a0-b220281a1342_table1.csv
Silicon Valley,H2 2019,vacancy_pct,3.4,H1 2026 chapter history,data/raw/market_reports/2026-09-21/cbre_h1_2026_silicon_valley_infogram/fig2_Silicon_Valley_Fig_1_24055fdc-ac59-4de3-a70e-0be1bfb25cf9_table1.csv
Silicon Valley,H2 2019,vacancy_pct,3.4,H2 2025 chapter history,data/raw/market_reports/2026-09-21/cbre_h2_2025_silicon_valley_infogram/fig2_Silicon_Valley_FIG01_ece2759c-ff47-43f2-a2a0-b220281a1342_table1.csv
Silicon Valley,H1 2020,new_deliveries_mw,11.8,H1 2026 chapter history,data/raw/market_reports/2026-09-21/cbre_h1_2026_silicon_valley_infogram/fig2_Silicon_Valley_Fig_1_24055fdc-ac59-4de3-a70e-0be1bfb25cf9_table1.csv
Silicon Valley,H1 2020,new_deliveries_mw,11.8,H2 2025 chapter history,data/raw/market_reports/2026-09-21/cbre_h2_2025_silicon_valley_infogram/fig2_Silicon_Valley_FIG01_ece2759c-ff47-43f2-a2a0-b220281a1342_table1.csv
Silicon Valley,H1 2020,preleased_mw,15.6,H1 2026 chapter history,data/raw/market_reports/2026-09-21/cbre_h1_2026_silicon_valley_infogram/fig2_Silicon_Valley_Fig_1_24055fdc-ac59-4de3-a70e-0be1bfb25cf9_table1.csv
Silicon Valley,H1 2020,preleased_mw,15.6,H2 2025 chapter history,data/raw/market_reports/2026-09-21/cbre_h2_2025_silicon_valley_infogram/fig2_Silicon_Valley_FIG01_ece2759c-ff47-43f2-a2a0-b220281a1342_table1.csv
Silicon Valley,H1 2020,under_construction_mw,24.6,H1 2026 chapter history,data/raw/market_reports/2026-09-21/cbre_h1_2026_silicon_valley_infogram/fig2_Silicon_Valley_Fig_1_24055fdc-ac59-4de3-a70e-0be1bfb25cf9_table1.csv
Silicon Valley,H1 2020,under_construction_mw,24.6,H2 2025 chapter history,data/raw/market_reports/2026-09-21/cbre_h2_2025_silicon_valley_infogram/fig2_Silicon_Valley_FIG01_ece2759c-ff47-43f2-a2a0-b220281a1342_table1.csv
Silicon Valley,H1 2020,vacancy_pct,4.8,H1 2026 chapter history,data/raw/market_reports/2026-09-21/cbre_h1_2026_silicon_valley_infogram/fig2_Silicon_Valley_Fig_1_24055fdc-ac59-4de3-a70e-0be1bfb25cf9_table1.csv
Silicon Valley,H1 2020,vacancy_pct,4.8,H2 2025 chapter history,data/raw/market_reports/2026-09-21/cbre_h2_2025_silicon_valley_infogram/fig2_Silicon_Valley_FIG01_ece2759c-ff47-43f2-a2a0-b220281a1342_table1.csv
Silicon Valley,H2 2020,new_deliveries_mw,12.5,H1 2026 chapter history,data/raw/market_reports/2026-09-21/cbre_h1_2026_silicon_valley_infogram/fig2_Silicon_Valley_Fig_1_24055fdc-ac59-4de3-a70e-0be1bfb25cf9_table1.csv
Silicon Valley,H2 2020,new_deliveries_mw,12.5,H2 2025 chapter history,data/raw/market_reports/2026-09-21/cbre_h2_2025_silicon_valley_infogram/fig2_Silicon_Valley_FIG01_ece2759c-ff47-43f2-a2a0-b220281a1342_table1.csv
Silicon Valley,H2 2020,preleased_mw,37.1,H1 2026 chapter history,data/raw/market_reports/2026-09-21/cbre_h1_2026_silicon_valley_infogram/fig2_Silicon_Valley_Fig_1_24055fdc-ac59-4de3-a70e-0be1bfb25cf9_table1.csv
Silicon Valley,H2 2020,preleased_mw,37.1,H2 2025 chapter history,data/raw/market_reports/2026-09-21/cbre_h2_2025_silicon_valley_infogram/fig2_Silicon_Valley_FIG01_ece2759c-ff47-43f2-a2a0-b220281a1342_table1.csv
Silicon Valley,H2 2020,under_construction_mw,50.1,H1 2026 chapter history,data/raw/market_reports/2026-09-21/cbre_h1_2026_silicon_valley_infogram/fig2_Silicon_Valley_Fig_1_24055fdc-ac59-4de3-a70e-0be1bfb25cf9_table1.csv
Silicon Valley,H2 2020,under_construction_mw,50.1,H2 2025 chapter history,data/raw/market_reports/2026-09-21/cbre_h2_2025_silicon_valley_infogram/fig2_Silicon_Valley_FIG01_ece2759c-ff47-43f2-a2a0-b220281a1342_table1.csv
Silicon Valley,H2 2020,vacancy_pct,2.3,H1 2026 chapter history,data/raw/market_reports/2026-09-21/cbre_h1_2026_silicon_valley_infogram/fig2_Silicon_Valley_Fig_1_24055fdc-ac59-4de3-a70e-0be1bfb25cf9_table1.csv
Silicon Valley,H2 2020,vacancy_pct,2.3,H2 2025 chapter history,data/raw/market_reports/2026-09-21/cbre_h2_2025_silicon_valley_infogram/fig2_Silicon_Valley_FIG01_ece2759c-ff47-43f2-a2a0-b220281a1342_table1.csv
Silicon Valley,H1 2021,new_deliveries_mw,11.0,H1 2026 chapter history,data/raw/market_reports/2026-09-21/cbre_h1_2026_silicon_valley_infogram/fig2_Silicon_Valley_Fig_1_24055fdc-ac59-4de3-a70e-0be1bfb25cf9_table1.csv
Silicon Valley,H1 2021,new_deliveries_mw,11.0,H2 2025 chapter history,data/raw/market_reports/2026-09-21/cbre_h2_2025_silicon_valley_infogram/fig2_Silicon_Valley_FIG01_ece2759c-ff47-43f2-a2a0-b220281a1342_table1.csv
Silicon Valley,H1 2021,preleased_mw,69.8,H1 2026 chapter history,data/raw/market_reports/2026-09-21/cbre_h1_2026_silicon_valley_infogram/fig2_Silicon_Valley_Fig_1_24055fdc-ac59-4de3-a70e-0be1bfb25cf9_table1.csv
Silicon Valley,H1 2021,preleased_mw,69.8,H2 2025 chapter history,data/raw/market_reports/2026-09-21/cbre_h2_2025_silicon_valley_infogram/fig2_Silicon_Valley_FIG01_ece2759c-ff47-43f2-a2a0-b220281a1342_table1.csv
Silicon Valley,H1 2021,under_construction_mw,85.3,H1 2026 chapter history,data/raw/market_reports/2026-09-21/cbre_h1_2026_silicon_valley_infogram/fig2_Silicon_Valley_Fig_1_24055fdc-ac59-4de3-a70e-0be1bfb25cf9_table1.csv
Silicon Valley,H1 2021,under_construction_mw,85.3,H2 2025 chapter history,data/raw/market_reports/2026-09-21/cbre_h2_2025_silicon_valley_infogram/fig2_Silicon_Valley_FIG01_ece2759c-ff47-43f2-a2a0-b220281a1342_table1.csv
Silicon Valley,H1 2021,vacancy_pct,1.6,H1 2026 chapter history,data/raw/market_reports/2026-09-21/cbre_h1_2026_silicon_valley_infogram/fig2_Silicon_Valley_Fig_1_24055fdc-ac59-4de3-a70e-0be1bfb25cf9_table1.csv
Silicon Valley,H1 2021,vacancy_pct,1.6,H2 2025 chapter history,data/raw/market_reports/2026-09-21/cbre_h2_2025_silicon_valley_infogram/fig2_Silicon_Valley_FIG01_ece2759c-ff47-43f2-a2a0-b220281a1342_table1.csv
Silicon Valley,H2 2021,new_deliveries_mw,2.5,H1 2026 chapter history,data/raw/market_reports/2026-09-21/cbre_h1_2026_silicon_valley_infogram/fig2_Silicon_Valley_Fig_1_24055fdc-ac59-4de3-a70e-0be1bfb25cf9_table1.csv
Silicon Valley,H2 2021,new_deliveries_mw,2.5,H2 2025 chapter history,data/raw/market_reports/2026-09-21/cbre_h2_2025_silicon_valley_infogram/fig2_Silicon_Valley_FIG01_ece2759c-ff47-43f2-a2a0-b220281a1342_table1.csv
Silicon Valley,H2 2021,preleased_mw,71.6,H1 2026 chapter history,data/raw/market_reports/2026-09-21/cbre_h1_2026_silicon_valley_infogram/fig2_Silicon_Valley_Fig_1_24055fdc-ac59-4de3-a70e-0be1bfb25cf9_table1.csv
Silicon Valley,H2 2021,preleased_mw,71.6,H2 2025 chapter history,data/raw/market_reports/2026-09-21/cbre_h2_2025_silicon_valley_infogram/fig2_Silicon_Valley_FIG01_ece2759c-ff47-43f2-a2a0-b220281a1342_table1.csv
Silicon Valley,H2 2021,under_construction_mw,94.6,H1 2026 chapter history,data/raw/market_reports/2026-09-21/cbre_h1_2026_silicon_valley_infogram/fig2_Silicon_Valley_Fig_1_24055fdc-ac59-4de3-a70e-0be1bfb25cf9_table1.csv
Silicon Valley,H2 2021,under_construction_mw,94.6,H2 2025 chapter history,data/raw/market_reports/2026-09-21/cbre_h2_2025_silicon_valley_infogram/fig2_Silicon_Valley_FIG01_ece2759c-ff47-43f2-a2a0-b220281a1342_table1.csv
Silicon Valley,H2 2021,vacancy_pct,1.6,H1 2026 chapter history,data/raw/market_reports/2026-09-21/cbre_h1_2026_silicon_valley_infogram/fig2_Silicon_Valley_Fig_1_24055fdc-ac59-4de3-a70e-0be1bfb25cf9_table1.csv
Silicon Valley,H2 2021,vacancy_pct,1.6,H2 2025 chapter history,data/raw/market_reports/2026-09-21/cbre_h2_2025_silicon_valley_infogram/fig2_Silicon_Valley_FIG01_ece2759c-ff47-43f2-a2a0-b220281a1342_table1.csv
Silicon Valley,H1 2022,new_deliveries_mw,56.0,H1 2026 chapter history,data/raw/market_reports/2026-09-21/cbre_h1_2026_silicon_valley_infogram/fig2_Silicon_Valley_Fig_1_24055fdc-ac59-4de3-a70e-0be1bfb25cf9_table1.csv
Silicon Valley,H1 2022,new_deliveries_mw,56.0,H2 2025 chapter history,data/raw/market_reports/2026-09-21/cbre_h2_2025_silicon_valley_infogram/fig2_Silicon_Valley_FIG01_ece2759c-ff47-43f2-a2a0-b220281a1342_table1.csv
Silicon Valley,H1 2022,preleased_mw,62.6,H1 2026 chapter history,data/raw/market_reports/2026-09-21/cbre_h1_2026_silicon_valley_infogram/fig2_Silicon_Valley_Fig_1_24055fdc-ac59-4de3-a70e-0be1bfb25cf9_table1.csv
Silicon Valley,H1 2022,preleased_mw,62.6,H2 2025 chapter history,data/raw/market_reports/2026-09-21/cbre_h2_2025_silicon_valley_infogram/fig2_Silicon_Valley_FIG01_ece2759c-ff47-43f2-a2a0-b220281a1342_table1.csv
Silicon Valley,H1 2022,under_construction_mw,100.6,H1 2026 chapter history,data/raw/market_reports/2026-09-21/cbre_h1_2026_silicon_valley_infogram/fig2_Silicon_Valley_Fig_1_24055fdc-ac59-4de3-a70e-0be1bfb25cf9_table1.csv
Silicon Valley,H1 2022,under_construction_mw,100.6,H2 2025 chapter history,data/raw/market_reports/2026-09-21/cbre_h2_2025_silicon_valley_infogram/fig2_Silicon_Valley_FIG01_ece2759c-ff47-43f2-a2a0-b220281a1342_table1.csv
Silicon Valley,H1 2022,vacancy_pct,1.3,H1 2026 chapter history,data/raw/market_reports/2026-09-21/cbre_h1_2026_silicon_valley_infogram/fig2_Silicon_Valley_Fig_1_24055fdc-ac59-4de3-a70e-0be1bfb25cf9_table1.csv
Silicon Valley,H1 2022,vacancy_pct,1.3,H2 2025 chapter history,data/raw/market_reports/2026-09-21/cbre_h2_2025_silicon_valley_infogram/fig2_Silicon_Valley_FIG01_ece2759c-ff47-43f2-a2a0-b220281a1342_table1.csv
Silicon Valley,H2 2022,new_deliveries_mw,10.0,H1 2026 chapter history,data/raw/market_reports/2026-09-21/cbre_h1_2026_silicon_valley_infogram/fig2_Silicon_Valley_Fig_1_24055fdc-ac59-4de3-a70e-0be1bfb25cf9_table1.csv
Silicon Valley,H2 2022,new_deliveries_mw,10.0,H2 2025 chapter history,data/raw/market_reports/2026-09-21/cbre_h2_2025_silicon_valley_infogram/fig2_Silicon_Valley_FIG01_ece2759c-ff47-43f2-a2a0-b220281a1342_table1.csv
Silicon Valley,H2 2022,preleased_mw,93.1,H1 2026 chapter history,data/raw/market_reports/2026-09-21/cbre_h1_2026_silicon_valley_infogram/fig2_Silicon_Valley_Fig_1_24055fdc-ac59-4de3-a70e-0be1bfb25cf9_table1.csv
Silicon Valley,H2 2022,preleased_mw,93.1,H2 2025 chapter history,data/raw/market_reports/2026-09-21/cbre_h2_2025_silicon_valley_infogram/fig2_Silicon_Valley_FIG01_ece2759c-ff47-43f2-a2a0-b220281a1342_table1.csv
Silicon Valley,H2 2022,under_construction_mw,141.6,H1 2026 chapter history,data/raw/market_reports/2026-09-21/cbre_h1_2026_silicon_valley_infogram/fig2_Silicon_Valley_Fig_1_24055fdc-ac59-4de3-a70e-0be1bfb25cf9_table1.csv
Silicon Valley,H2 2022,under_construction_mw,141.6,H2 2025 chapter history,data/raw/market_reports/2026-09-21/cbre_h2_2025_silicon_valley_infogram/fig2_Silicon_Valley_FIG01_ece2759c-ff47-43f2-a2a0-b220281a1342_table1.csv
Silicon Valley,H2 2022,vacancy_pct,2.3,H1 2026 chapter history,data/raw/market_reports/2026-09-21/cbre_h1_2026_silicon_valley_infogram/fig2_Silicon_Valley_Fig_1_24055fdc-ac59-4de3-a70e-0be1bfb25cf9_table1.csv
Silicon Valley,H2 2022,vacancy_pct,2.3,H2 2025 chapter history,data/raw/market_reports/2026-09-21/cbre_h2_2025_silicon_valley_infogram/fig2_Silicon_Valley_FIG01_ece2759c-ff47-43f2-a2a0-b220281a1342_table1.csv
Silicon Valley,H1 2023,available_mw,25.9,H1 2023,data/raw/market_reports/2026-09-21/cbre_h1_2023_overview_infogram/fig1_Primary_Fig01_State_of_the_Market_H1_23_0bf12807-e98f-428c-b61b-d61dacecec5d_table1.csv
Silicon Valley,H1 2023,inventory_mw,410.7,H1 2023,data/raw/market_reports/2026-09-21/cbre_h1_2023_overview_infogram/fig1_Primary_Fig01_State_of_the_Market_H1_23_0bf12807-e98f-428c-b61b-d61dacecec5d_table1.csv
Silicon Valley,H1 2023,inventory_yoy_change_mw,41.1,H1 2023,data/raw/market_reports/2026-09-21/cbre_h1_2023_overview_infogram/fig1_Primary_Fig01_State_of_the_Market_H1_23_0bf12807-e98f-428c-b61b-d61dacecec5d_table1.csv
Silicon Valley,H1 2023,net_absorption_mw,13.8,H1 2023,data/raw/market_reports/2026-09-21/cbre_h1_2023_overview_infogram/fig1_Primary_Fig01_State_of_the_Market_H1_23_0bf12807-e98f-428c-b61b-d61dacecec5d_table1.csv
Silicon Valley,H1 2023,net_absorption_yoy_change_mw,-42.4,H1 2023,data/raw/market_reports/2026-09-21/cbre_h1_2023_overview_infogram/fig1_Primary_Fig01_State_of_the_Market_H1_23_0bf12807-e98f-428c-b61b-d61dacecec5d_table1.csv
Silicon Valley,H1 2023,new_deliveries_mw,31.1,H1 2026 chapter history,data/raw/market_reports/2026-09-21/cbre_h1_2026_silicon_valley_infogram/fig2_Silicon_Valley_Fig_1_24055fdc-ac59-4de3-a70e-0be1bfb25cf9_table1.csv
Silicon Valley,H1 2023,new_deliveries_mw,31.1,H2 2025 chapter history,data/raw/market_reports/2026-09-21/cbre_h2_2025_silicon_valley_infogram/fig2_Silicon_Valley_FIG01_ece2759c-ff47-43f2-a2a0-b220281a1342_table1.csv
Silicon Valley,H1 2023,preleased_mw,73.0,H1 2026 chapter history,data/raw/market_reports/2026-09-21/cbre_h1_2026_silicon_valley_infogram/fig2_Silicon_Valley_Fig_1_24055fdc-ac59-4de3-a70e-0be1bfb25cf9_table1.csv
Silicon Valley,H1 2023,preleased_mw,73.0,H2 2025 chapter history,data/raw/market_reports/2026-09-21/cbre_h2_2025_silicon_valley_infogram/fig2_Silicon_Valley_FIG01_ece2759c-ff47-43f2-a2a0-b220281a1342_table1.csv
Silicon Valley,H1 2023,rental_rate_kw_month,$155-$250,H1 2023,data/raw/market_reports/2026-09-21/cbre_h1_2023_overview_infogram/fig1_Primary_Fig01_State_of_the_Market_H1_23_0bf12807-e98f-428c-b61b-d61dacecec5d_table1.csv
Silicon Valley,H1 2023,under_construction_mw,125.0,H1 2026 chapter history,data/raw/market_reports/2026-09-21/cbre_h1_2026_silicon_valley_infogram/fig2_Silicon_Valley_Fig_1_24055fdc-ac59-4de3-a70e-0be1bfb25cf9_table1.csv
Silicon Valley,H1 2023,under_construction_mw,125.0,H2 2025 chapter history,data/raw/market_reports/2026-09-21/cbre_h2_2025_silicon_valley_infogram/fig2_Silicon_Valley_FIG01_ece2759c-ff47-43f2-a2a0-b220281a1342_table1.csv
Silicon Valley,H1 2023,under_construction_yoy_change_pct,53.0,H1 2023,data/raw/market_reports/2026-09-21/cbre_h1_2023_overview_infogram/fig4_Primary_Fig04_H1_23_a0a0a9df-4e82-4c3e-8229-f7d94a706c24_table1.csv
Silicon Valley,H1 2023,vacancy_pct,6.3,H1 2023,data/raw/market_reports/2026-09-21/cbre_h1_2023_overview_infogram/fig1_Primary_Fig01_State_of_the_Market_H1_23_0bf12807-e98f-428c-b61b-d61dacecec5d_table1.csv
Silicon Valley,H1 2023,vacancy_pct,6.3,H1 2026 chapter history,data/raw/market_reports/2026-09-21/cbre_h1_2026_silicon_valley_infogram/fig2_Silicon_Valley_Fig_1_24055fdc-ac59-4de3-a70e-0be1bfb25cf9_table1.csv
Silicon Valley,H1 2023,vacancy_pct,6.3,H2 2025 chapter history,data/raw/market_reports/2026-09-21/cbre_h2_2025_silicon_valley_infogram/fig2_Silicon_Valley_FIG01_ece2759c-ff47-43f2-a2a0-b220281a1342_table1.csv
Silicon Valley,H1 2023,vacancy_yoy_change_bps,500.0,H1 2023,data/raw/market_reports/2026-09-21/cbre_h1_2023_overview_infogram/fig1_Primary_Fig01_State_of_the_Market_H1_23_0bf12807-e98f-428c-b61b-d61dacecec5d_table1.csv
Silicon Valley,H2 2023,available_mw,31.0,H2 2023,data/raw/market_reports/2026-09-21/cbre_h2_2023_overview_infogram/fig1_Fig01_ee5b50d9-abcb-4bba-848c-7769aab3b260_table1.csv
Silicon Valley,H2 2023,inventory_mw,427.7,H2 2023,data/raw/market_reports/2026-09-21/cbre_h2_2023_overview_infogram/fig1_Fig01_ee5b50d9-abcb-4bba-848c-7769aab3b260_table1.csv
Silicon Valley,H2 2023,inventory_yoy_change_mw,48.1,H2 2023,data/raw/market_reports/2026-09-21/cbre_h2_2023_overview_infogram/fig1_Fig01_ee5b50d9-abcb-4bba-848c-7769aab3b260_table1.csv
Silicon Valley,H2 2023,net_absorption_mw,25.7,H2 2023,data/raw/market_reports/2026-09-21/cbre_h2_2023_overview_infogram/fig1_Fig01_ee5b50d9-abcb-4bba-848c-7769aab3b260_table1.csv
Silicon Valley,H2 2023,net_absorption_yoy_change_mw,-36.7,H2 2023,data/raw/market_reports/2026-09-21/cbre_h2_2023_overview_infogram/fig1_Fig01_ee5b50d9-abcb-4bba-848c-7769aab3b260_table1.csv
Silicon Valley,H2 2023,new_deliveries_mw,17.7,H1 2026 chapter history,data/raw/market_reports/2026-09-21/cbre_h1_2026_silicon_valley_infogram/fig2_Silicon_Valley_Fig_1_24055fdc-ac59-4de3-a70e-0be1bfb25cf9_table1.csv
Silicon Valley,H2 2023,new_deliveries_mw,17.7,H2 2025 chapter history,data/raw/market_reports/2026-09-21/cbre_h2_2025_silicon_valley_infogram/fig2_Silicon_Valley_FIG01_ece2759c-ff47-43f2-a2a0-b220281a1342_table1.csv
Silicon Valley,H2 2023,preleased_mw,93.0,H1 2026 chapter history,data/raw/market_reports/2026-09-21/cbre_h1_2026_silicon_valley_infogram/fig2_Silicon_Valley_Fig_1_24055fdc-ac59-4de3-a70e-0be1bfb25cf9_table1.csv
Silicon Valley,H2 2023,preleased_mw,93.0,H2 2025 chapter history,data/raw/market_reports/2026-09-21/cbre_h2_2025_silicon_valley_infogram/fig2_Silicon_Valley_FIG01_ece2759c-ff47-43f2-a2a0-b220281a1342_table1.csv
Silicon Valley,H2 2023,rental_rate_kw_month,$155-$250,H2 2023,data/raw/market_reports/2026-09-21/cbre_h2_2023_overview_infogram/fig1_Fig01_ee5b50d9-abcb-4bba-848c-7769aab3b260_table1.csv
Silicon Valley,H2 2023,total_inventory_mw,427.7,H2 2023,data/raw/market_reports/2026-09-21/cbre_h2_2023_overview_infogram/fig6_Fig_06_736a09da-0e2b-4505-8e98-e44b885b7d38_table1.csv
Silicon Valley,H2 2023,under_construction_mw,133.0,H1 2026 chapter history,data/raw/market_reports/2026-09-21/cbre_h1_2026_silicon_valley_infogram/fig2_Silicon_Valley_Fig_1_24055fdc-ac59-4de3-a70e-0be1bfb25cf9_table1.csv
Silicon Valley,H2 2023,under_construction_mw,133.0,H2 2023,data/raw/market_reports/2026-09-21/cbre_h2_2023_overview_infogram/fig6_Fig_06_736a09da-0e2b-4505-8e98-e44b885b7d38_table1.csv
Silicon Valley,H2 2023,under_construction_mw,133.0,H2 2025 chapter history,data/raw/market_reports/2026-09-21/cbre_h2_2025_silicon_valley_infogram/fig2_Silicon_Valley_FIG01_ece2759c-ff47-43f2-a2a0-b220281a1342_table1.csv
Silicon Valley,H2 2023,under_construction_yoy_change_pct,69.0,H2 2023,data/raw/market_reports/2026-09-21/cbre_h2_2023_overview_infogram/fig4_Fig_04_6d853d01-4a68-419e-8f29-61ffbc4d91ff_table1.csv
Silicon Valley,H2 2023,vacancy_pct,7.3,H1 2026 chapter history,data/raw/market_reports/2026-09-21/cbre_h1_2026_silicon_valley_infogram/fig2_Silicon_Valley_Fig_1_24055fdc-ac59-4de3-a70e-0be1bfb25cf9_table1.csv
Silicon Valley,H2 2023,vacancy_pct,7.3,H2 2023,data/raw/market_reports/2026-09-21/cbre_h2_2023_overview_infogram/fig1_Fig01_ee5b50d9-abcb-4bba-848c-7769aab3b260_table1.csv
Silicon Valley,H2 2023,vacancy_pct,7.3,H2 2025 chapter history,data/raw/market_reports/2026-09-21/cbre_h2_2025_silicon_valley_infogram/fig2_Silicon_Valley_FIG01_ece2759c-ff47-43f2-a2a0-b220281a1342_table1.csv
Silicon Valley,H2 2023,vacancy_yoy_change_bps,498.0,H2 2023,data/raw/market_reports/2026-09-21/cbre_h2_2023_overview_infogram/fig1_Fig01_ee5b50d9-abcb-4bba-848c-7769aab3b260_table1.csv
Silicon Valley,H1 2024,available_mw,29.2,H1 2024,data/raw/market_reports/2026-09-21/cbre_h1_2024_overview_infogram/fig1_FIG01_bc6defdf-26e7-4fb9-8e29-781d0b9351cf_table1.csv
Silicon Valley,H1 2024,inventory_mw,459.2,H1 2024,data/raw/market_reports/2026-09-21/cbre_h1_2024_overview_infogram/fig1_FIG01_bc6defdf-26e7-4fb9-8e29-781d0b9351cf_table1.csv
Silicon Valley,H1 2024,inventory_yoy_change_mw,48.5,H1 2024,data/raw/market_reports/2026-09-21/cbre_h1_2024_overview_infogram/fig1_FIG01_bc6defdf-26e7-4fb9-8e29-781d0b9351cf_table1.csv
Silicon Valley,H1 2024,net_absorption_mw,33.3,H1 2024,data/raw/market_reports/2026-09-21/cbre_h1_2024_overview_infogram/fig1_FIG01_bc6defdf-26e7-4fb9-8e29-781d0b9351cf_table1.csv
Silicon Valley,H1 2024,net_absorption_yoy_change_mw,19.5,H1 2024,data/raw/market_reports/2026-09-21/cbre_h1_2024_overview_infogram/fig1_FIG01_bc6defdf-26e7-4fb9-8e29-781d0b9351cf_table1.csv
Silicon Valley,H1 2024,new_deliveries_mw,31.5,H1 2026 chapter history,data/raw/market_reports/2026-09-21/cbre_h1_2026_silicon_valley_infogram/fig2_Silicon_Valley_Fig_1_24055fdc-ac59-4de3-a70e-0be1bfb25cf9_table1.csv
Silicon Valley,H1 2024,new_deliveries_mw,31.5,H2 2025 chapter history,data/raw/market_reports/2026-09-21/cbre_h2_2025_silicon_valley_infogram/fig2_Silicon_Valley_FIG01_ece2759c-ff47-43f2-a2a0-b220281a1342_table1.csv
Silicon Valley,H1 2024,preleased_mw,128.7,H1 2026 chapter history,data/raw/market_reports/2026-09-21/cbre_h1_2026_silicon_valley_infogram/fig2_Silicon_Valley_Fig_1_24055fdc-ac59-4de3-a70e-0be1bfb25cf9_table1.csv
Silicon Valley,H1 2024,preleased_mw,128.7,H2 2025 chapter history,data/raw/market_reports/2026-09-21/cbre_h2_2025_silicon_valley_infogram/fig2_Silicon_Valley_FIG01_ece2759c-ff47-43f2-a2a0-b220281a1342_table1.csv
Silicon Valley,H1 2024,rental_rate_kw_month,$155-$250,H1 2024,data/raw/market_reports/2026-09-21/cbre_h1_2024_overview_infogram/fig1_FIG01_bc6defdf-26e7-4fb9-8e29-781d0b9351cf_table1.csv
Silicon Valley,H1 2024,under_construction_mw,154.2,H1 2026 chapter history,data/raw/market_reports/2026-09-21/cbre_h1_2026_silicon_valley_infogram/fig2_Silicon_Valley_Fig_1_24055fdc-ac59-4de3-a70e-0be1bfb25cf9_table1.csv
Silicon Valley,H1 2024,under_construction_mw,154.2,H2 2025 chapter history,data/raw/market_reports/2026-09-21/cbre_h2_2025_silicon_valley_infogram/fig2_Silicon_Valley_FIG01_ece2759c-ff47-43f2-a2a0-b220281a1342_table1.csv
Silicon Valley,H1 2024,under_construction_yoy_change_pct,72.0,H1 2024,data/raw/market_reports/2026-09-21/cbre_h1_2024_overview_infogram/fig4_FIG04_24a77f81-3a4e-41fb-93a9-71eb2ce988e2_table1.csv
Silicon Valley,H1 2024,vacancy_pct,6.4,H1 2024,data/raw/market_reports/2026-09-21/cbre_h1_2024_overview_infogram/fig1_FIG01_bc6defdf-26e7-4fb9-8e29-781d0b9351cf_table1.csv
Silicon Valley,H1 2024,vacancy_pct,6.4,H1 2026 chapter history,data/raw/market_reports/2026-09-21/cbre_h1_2026_silicon_valley_infogram/fig2_Silicon_Valley_Fig_1_24055fdc-ac59-4de3-a70e-0be1bfb25cf9_table1.csv
Silicon Valley,H1 2024,vacancy_pct,6.4,H2 2025 chapter history,data/raw/market_reports/2026-09-21/cbre_h2_2025_silicon_valley_infogram/fig2_Silicon_Valley_FIG01_ece2759c-ff47-43f2-a2a0-b220281a1342_table1.csv
Silicon Valley,H1 2024,vacancy_yoy_change_bps,-20.0,H1 2024,data/raw/market_reports/2026-09-21/cbre_h1_2024_overview_infogram/fig1_FIG01_bc6defdf-26e7-4fb9-8e29-781d0b9351cf_table1.csv
Silicon Valley,H2 2024,available_mw,25.6,H2 2024,data/raw/market_reports/2026-09-21/cbre_h2_2024_overview_infogram/fig1_FIG_01_dc45d87f-b681-49f0-8de7-b35b2ff4a4bf_table1.csv
Silicon Valley,H2 2024,inventory_mw,468.4,H2 2024,data/raw/market_reports/2026-09-21/cbre_h2_2024_overview_infogram/fig1_FIG_01_dc45d87f-b681-49f0-8de7-b35b2ff4a4bf_table1.csv
Silicon Valley,H2 2024,inventory_yoy_change_mw,40.7,H2 2024,data/raw/market_reports/2026-09-21/cbre_h2_2024_overview_infogram/fig1_FIG_01_dc45d87f-b681-49f0-8de7-b35b2ff4a4bf_table1.csv
Silicon Valley,H2 2024,net_absorption_mw,45.2,H2 2024,data/raw/market_reports/2026-09-21/cbre_h2_2024_overview_infogram/fig1_FIG_01_dc45d87f-b681-49f0-8de7-b35b2ff4a4bf_table1.csv
Silicon Valley,H2 2024,net_absorption_yoy_change_mw,19.5,H2 2024,data/raw/market_reports/2026-09-21/cbre_h2_2024_overview_infogram/fig1_FIG_01_dc45d87f-b681-49f0-8de7-b35b2ff4a4bf_table1.csv
Silicon Valley,H2 2024,new_deliveries_mw,9.2,H1 2026 chapter history,data/raw/market_reports/2026-09-21/cbre_h1_2026_silicon_valley_infogram/fig2_Silicon_Valley_Fig_1_24055fdc-ac59-4de3-a70e-0be1bfb25cf9_table1.csv
Silicon Valley,H2 2024,new_deliveries_mw,9.2,H2 2025 chapter history,data/raw/market_reports/2026-09-21/cbre_h2_2025_silicon_valley_infogram/fig2_Silicon_Valley_FIG01_ece2759c-ff47-43f2-a2a0-b220281a1342_table1.csv
Silicon Valley,H2 2024,preleased_mw,131.0,H1 2026 chapter history,data/raw/market_reports/2026-09-21/cbre_h1_2026_silicon_valley_infogram/fig2_Silicon_Valley_Fig_1_24055fdc-ac59-4de3-a70e-0be1bfb25cf9_table1.csv
Silicon Valley,H2 2024,preleased_mw,131.0,H2 2025 chapter history,data/raw/market_reports/2026-09-21/cbre_h2_2025_silicon_valley_infogram/fig2_Silicon_Valley_FIG01_ece2759c-ff47-43f2-a2a0-b220281a1342_table1.csv
Silicon Valley,H2 2024,rental_rate_kw_month,$155-$250,H2 2024,data/raw/market_reports/2026-09-21/cbre_h2_2024_overview_infogram/fig1_FIG_01_dc45d87f-b681-49f0-8de7-b35b2ff4a4bf_table1.csv
Silicon Valley,H2 2024,under_construction_mw,167.8,H1 2026 chapter history,data/raw/market_reports/2026-09-21/cbre_h1_2026_silicon_valley_infogram/fig2_Silicon_Valley_Fig_1_24055fdc-ac59-4de3-a70e-0be1bfb25cf9_table1.csv
Silicon Valley,H2 2024,under_construction_mw,167.8,H2 2025 chapter history,data/raw/market_reports/2026-09-21/cbre_h2_2025_silicon_valley_infogram/fig2_Silicon_Valley_FIG01_ece2759c-ff47-43f2-a2a0-b220281a1342_table1.csv
Silicon Valley,H2 2024,under_construction_yoy_change_pct,26.0,H2 2024,data/raw/market_reports/2026-09-21/cbre_h2_2024_overview_infogram/fig4_FIG_04_3aae2487-5ed2-4456-9df5-3498a86f5067_table1.csv
Silicon Valley,H2 2024,vacancy_pct,5.5,H1 2026 chapter history,data/raw/market_reports/2026-09-21/cbre_h1_2026_silicon_valley_infogram/fig2_Silicon_Valley_Fig_1_24055fdc-ac59-4de3-a70e-0be1bfb25cf9_table1.csv
Silicon Valley,H2 2024,vacancy_pct,5.5,H2 2024,data/raw/market_reports/2026-09-21/cbre_h2_2024_overview_infogram/fig1_FIG_01_dc45d87f-b681-49f0-8de7-b35b2ff4a4bf_table1.csv
Silicon Valley,H2 2024,vacancy_pct,5.5,H2 2025 chapter history,data/raw/market_reports/2026-09-21/cbre_h2_2025_silicon_valley_infogram/fig2_Silicon_Valley_FIG01_ece2759c-ff47-43f2-a2a0-b220281a1342_table1.csv
Silicon Valley,H2 2024,vacancy_yoy_change_bps,-174.0,H2 2024,data/raw/market_reports/2026-09-21/cbre_h2_2024_overview_infogram/fig1_FIG_01_dc45d87f-b681-49f0-8de7-b35b2ff4a4bf_table1.csv
Silicon Valley,H1 2025,available_mw,21.6,H1 2025,data/raw/market_reports/2026-09-21/cbre_h1_2025_overview_infogram/fig1_Fig_1_8632636a-8bc5-4fc3-bced-c47ebb5a8799_table1.csv
Silicon Valley,H1 2025,inventory_mw,484.4,H1 2025,data/raw/market_reports/2026-09-21/cbre_h1_2025_overview_infogram/fig1_Fig_1_8632636a-8bc5-4fc3-bced-c47ebb5a8799_table1.csv
Silicon Valley,H1 2025,inventory_yoy_change_mw,25.2,H1 2025,data/raw/market_reports/2026-09-21/cbre_h1_2025_overview_infogram/fig1_Fig_1_8632636a-8bc5-4fc3-bced-c47ebb5a8799_table1.csv
Silicon Valley,H1 2025,net_absorption_mw,20.9,H1 2025,data/raw/market_reports/2026-09-21/cbre_h1_2025_overview_infogram/fig1_Fig_1_8632636a-8bc5-4fc3-bced-c47ebb5a8799_table1.csv
Silicon Valley,H1 2025,net_absorption_yoy_change_mw,-12.4,H1 2025,data/raw/market_reports/2026-09-21/cbre_h1_2025_overview_infogram/fig1_Fig_1_8632636a-8bc5-4fc3-bced-c47ebb5a8799_table1.csv
Silicon Valley,H1 2025,new_deliveries_mw,16.0,H1 2026 chapter history,data/raw/market_reports/2026-09-21/cbre_h1_2026_silicon_valley_infogram/fig2_Silicon_Valley_Fig_1_24055fdc-ac59-4de3-a70e-0be1bfb25cf9_table1.csv
Silicon Valley,H1 2025,new_deliveries_mw,16.0,H2 2025 chapter history,data/raw/market_reports/2026-09-21/cbre_h2_2025_silicon_valley_infogram/fig2_Silicon_Valley_FIG01_ece2759c-ff47-43f2-a2a0-b220281a1342_table1.csv
Silicon Valley,H1 2025,preleased_mw,115.0,H1 2026 chapter history,data/raw/market_reports/2026-09-21/cbre_h1_2026_silicon_valley_infogram/fig2_Silicon_Valley_Fig_1_24055fdc-ac59-4de3-a70e-0be1bfb25cf9_table1.csv
Silicon Valley,H1 2025,preleased_mw,115.0,H2 2025 chapter history,data/raw/market_reports/2026-09-21/cbre_h2_2025_silicon_valley_infogram/fig2_Silicon_Valley_FIG01_ece2759c-ff47-43f2-a2a0-b220281a1342_table1.csv
Silicon Valley,H1 2025,rental_rate_kw_month,$175-$275,H1 2025,data/raw/market_reports/2026-09-21/cbre_h1_2025_overview_infogram/fig1_Fig_1_8632636a-8bc5-4fc3-bced-c47ebb5a8799_table1.csv
Silicon Valley,H1 2025,total_inventory_mw,484.4,H1 2025,data/raw/market_reports/2026-09-21/cbre_h1_2025_overview_infogram/fig6_Fig_6_4fe54d64-82bb-4e4d-9109-a9cd6ea104d6_table1.csv
Silicon Valley,H1 2025,under_construction_mw,148.8,H1 2025,data/raw/market_reports/2026-09-21/cbre_h1_2025_overview_infogram/fig6_Fig_6_4fe54d64-82bb-4e4d-9109-a9cd6ea104d6_table1.csv
Silicon Valley,H1 2025,under_construction_mw,148.8,H1 2026 chapter history,data/raw/market_reports/2026-09-21/cbre_h1_2026_silicon_valley_infogram/fig2_Silicon_Valley_Fig_1_24055fdc-ac59-4de3-a70e-0be1bfb25cf9_table1.csv
Silicon Valley,H1 2025,under_construction_mw,148.8,H2 2025 chapter history,data/raw/market_reports/2026-09-21/cbre_h2_2025_silicon_valley_infogram/fig2_Silicon_Valley_FIG01_ece2759c-ff47-43f2-a2a0-b220281a1342_table1.csv
Silicon Valley,H1 2025,under_construction_yoy_change_pct,-4.0,H1 2025,data/raw/market_reports/2026-09-21/cbre_h1_2025_overview_infogram/fig4_Fig_4_8ce98984-5786-4dee-91ec-ba6180f8295d_table1.csv
Silicon Valley,H1 2025,vacancy_pct,4.5,H1 2025,data/raw/market_reports/2026-09-21/cbre_h1_2025_overview_infogram/fig1_Fig_1_8632636a-8bc5-4fc3-bced-c47ebb5a8799_table1.csv
Silicon Valley,H1 2025,vacancy_pct,4.5,H1 2026 chapter history,data/raw/market_reports/2026-09-21/cbre_h1_2026_silicon_valley_infogram/fig2_Silicon_Valley_Fig_1_24055fdc-ac59-4de3-a70e-0be1bfb25cf9_table1.csv
Silicon Valley,H1 2025,vacancy_pct,4.5,H2 2025 chapter history,data/raw/market_reports/2026-09-21/cbre_h2_2025_silicon_valley_infogram/fig2_Silicon_Valley_FIG01_ece2759c-ff47-43f2-a2a0-b220281a1342_table1.csv
Silicon Valley,H1 2025,vacancy_yoy_change_bps,-190.0,H1 2025,data/raw/market_reports/2026-09-21/cbre_h1_2025_overview_infogram/fig1_Fig_1_8632636a-8bc5-4fc3-bced-c47ebb5a8799_table1.csv
Silicon Valley,H2 2025,available_mw,23.2,H2 2025,data/raw/market_reports/2026-09-21/cbre_h2_2025_overview_infogram/fig1_Fig_1_16ca76e0-c5cc-4ffc-89c2-7d514de0a415_table1.csv
Silicon Valley,H2 2025,inventory_mw,489.2,H2 2025,data/raw/market_reports/2026-09-21/cbre_h2_2025_overview_infogram/fig1_Fig_1_16ca76e0-c5cc-4ffc-89c2-7d514de0a415_table1.csv
Silicon Valley,H2 2025,inventory_yoy_change_mw,20.8,H2 2025,data/raw/market_reports/2026-09-21/cbre_h2_2025_overview_infogram/fig1_Fig_1_16ca76e0-c5cc-4ffc-89c2-7d514de0a415_table1.csv
Silicon Valley,H2 2025,net_absorption_mw,-1.4,H2 2025,data/raw/market_reports/2026-09-21/cbre_h2_2025_overview_infogram/fig1_Fig_1_16ca76e0-c5cc-4ffc-89c2-7d514de0a415_table1.csv
Silicon Valley,H2 2025,net_absorption_yoy_change_mw,-46.6,H2 2025,data/raw/market_reports/2026-09-21/cbre_h2_2025_overview_infogram/fig1_Fig_1_16ca76e0-c5cc-4ffc-89c2-7d514de0a415_table1.csv
Silicon Valley,H2 2025,new_deliveries_mw,13.8,H1 2026 chapter history,data/raw/market_reports/2026-09-21/cbre_h1_2026_silicon_valley_infogram/fig2_Silicon_Valley_Fig_1_24055fdc-ac59-4de3-a70e-0be1bfb25cf9_table1.csv
Silicon Valley,H2 2025,new_deliveries_mw,13.8,H2 2025 chapter history,data/raw/market_reports/2026-09-21/cbre_h2_2025_silicon_valley_infogram/fig2_Silicon_Valley_FIG01_ece2759c-ff47-43f2-a2a0-b220281a1342_table1.csv
Silicon Valley,H2 2025,preleased_mw,121.4,H1 2026 chapter history,data/raw/market_reports/2026-09-21/cbre_h1_2026_silicon_valley_infogram/fig2_Silicon_Valley_Fig_1_24055fdc-ac59-4de3-a70e-0be1bfb25cf9_table1.csv
Silicon Valley,H2 2025,preleased_mw,121.4,H2 2025 chapter history,data/raw/market_reports/2026-09-21/cbre_h2_2025_silicon_valley_infogram/fig2_Silicon_Valley_FIG01_ece2759c-ff47-43f2-a2a0-b220281a1342_table1.csv
Silicon Valley,H2 2025,rental_rate_kw_month,$180-$275,H2 2025,data/raw/market_reports/2026-09-21/cbre_h2_2025_overview_infogram/fig1_Fig_1_16ca76e0-c5cc-4ffc-89c2-7d514de0a415_table1.csv
Silicon Valley,H2 2025,total_inventory_mw,489.2,H2 2025,data/raw/market_reports/2026-09-21/cbre_h2_2025_overview_infogram/fig6_Fig_6_ea142ee8-b0f1-4ca0-9aa1-d28b3454e6a6_table1.csv
Silicon Valley,H2 2025,under_construction_mw,144.0,H1 2026 chapter history,data/raw/market_reports/2026-09-21/cbre_h1_2026_silicon_valley_infogram/fig2_Silicon_Valley_Fig_1_24055fdc-ac59-4de3-a70e-0be1bfb25cf9_table1.csv
Silicon Valley,H2 2025,under_construction_mw,144.0,H2 2025,data/raw/market_reports/2026-09-21/cbre_h2_2025_overview_infogram/fig6_Fig_6_ea142ee8-b0f1-4ca0-9aa1-d28b3454e6a6_table1.csv
Silicon Valley,H2 2025,under_construction_mw,144.0,H2 2025 chapter history,data/raw/market_reports/2026-09-21/cbre_h2_2025_silicon_valley_infogram/fig2_Silicon_Valley_FIG01_ece2759c-ff47-43f2-a2a0-b220281a1342_table1.csv
Silicon Valley,H2 2025,under_construction_yoy_change_pct,-14.0,H2 2025,data/raw/market_reports/2026-09-21/cbre_h2_2025_overview_infogram/fig4_Fig_4_cbd7c3b5-fc6a-401d-821f-3113b9a480c5_table1.csv
Silicon Valley,H2 2025,vacancy_pct,4.7,H1 2026 chapter history,data/raw/market_reports/2026-09-21/cbre_h1_2026_silicon_valley_infogram/fig2_Silicon_Valley_Fig_1_24055fdc-ac59-4de3-a70e-0be1bfb25cf9_table1.csv
Silicon Valley,H2 2025,vacancy_pct,4.7,H2 2025,data/raw/market_reports/2026-09-21/cbre_h2_2025_overview_infogram/fig1_Fig_1_16ca76e0-c5cc-4ffc-89c2-7d514de0a415_table1.csv
Silicon Valley,H2 2025,vacancy_pct,4.7,H2 2025 chapter history,data/raw/market_reports/2026-09-21/cbre_h2_2025_silicon_valley_infogram/fig2_Silicon_Valley_FIG01_ece2759c-ff47-43f2-a2a0-b220281a1342_table1.csv
Silicon Valley,H2 2025,vacancy_yoy_change_bps,-76.0,H2 2025,data/raw/market_reports/2026-09-21/cbre_h2_2025_overview_infogram/fig1_Fig_1_16ca76e0-c5cc-4ffc-89c2-7d514de0a415_table1.csv
Silicon Valley,H1 2026,available_mw,21.2,H1 2026,data/raw/market_reports/2026-09-21/cbre_h1_2026_overview_infogram/fig1_Fig_1_69f04b2e-aa60-4094-9cc1-caeb3cb6cf28_table1.csv
Silicon Valley,H1 2026,inventory_mw,509.2,H1 2026,data/raw/market_reports/2026-09-21/cbre_h1_2026_overview_infogram/fig1_Fig_1_69f04b2e-aa60-4094-9cc1-caeb3cb6cf28_table1.csv
Silicon Valley,H1 2026,inventory_yoy_change_mw,33.8,H1 2026,data/raw/market_reports/2026-09-21/cbre_h1_2026_overview_infogram/fig1_Fig_1_69f04b2e-aa60-4094-9cc1-caeb3cb6cf28_table1.csv
Silicon Valley,H1 2026,net_absorption_mw,22.0,H1 2026,data/raw/market_reports/2026-09-21/cbre_h1_2026_overview_infogram/fig1_Fig_1_69f04b2e-aa60-4094-9cc1-caeb3cb6cf28_table1.csv
Silicon Valley,H1 2026,net_absorption_yoy_change_mw,1.1,H1 2026,data/raw/market_reports/2026-09-21/cbre_h1_2026_overview_infogram/fig1_Fig_1_69f04b2e-aa60-4094-9cc1-caeb3cb6cf28_table1.csv
Silicon Valley,H1 2026,new_deliveries_mw,20.0,H1 2026 chapter history,data/raw/market_reports/2026-09-21/cbre_h1_2026_silicon_valley_infogram/fig2_Silicon_Valley_Fig_1_24055fdc-ac59-4de3-a70e-0be1bfb25cf9_table1.csv
Silicon Valley,H1 2026,preleased_mw,131.0,H1 2026 chapter history,data/raw/market_reports/2026-09-21/cbre_h1_2026_silicon_valley_infogram/fig2_Silicon_Valley_Fig_1_24055fdc-ac59-4de3-a70e-0be1bfb25cf9_table1.csv
Silicon Valley,H1 2026,rental_rate_kw_month,$200-$275,H1 2026,data/raw/market_reports/2026-09-21/cbre_h1_2026_overview_infogram/fig1_Fig_1_69f04b2e-aa60-4094-9cc1-caeb3cb6cf28_table1.csv
Silicon Valley,H1 2026,total_inventory_mw,509.2,H1 2026,data/raw/market_reports/2026-09-21/cbre_h1_2026_overview_infogram/fig6_Fig_6_2eda09f7-b5ec-45e6-8ead-9c194a0c229b_table1.csv
Silicon Valley,H1 2026,under_construction_mw,144.0,H1 2026,data/raw/market_reports/2026-09-21/cbre_h1_2026_overview_infogram/fig6_Fig_6_2eda09f7-b5ec-45e6-8ead-9c194a0c229b_table1.csv
Silicon Valley,H1 2026,under_construction_mw,144.0,H1 2026 chapter history,data/raw/market_reports/2026-09-21/cbre_h1_2026_silicon_valley_infogram/fig2_Silicon_Valley_Fig_1_24055fdc-ac59-4de3-a70e-0be1bfb25cf9_table1.csv
Silicon Valley,H1 2026,under_construction_yoy_change_pct,-3.0,H1 2026,data/raw/market_reports/2026-09-21/cbre_h1_2026_overview_infogram/fig4_Fig_4_9205d94f-3ebe-4e31-93a2-8dd6d476d234_table1.csv
Silicon Valley,H1 2026,vacancy_pct,4.2,H1 2026,data/raw/market_reports/2026-09-21/cbre_h1_2026_overview_infogram/fig1_Fig_1_69f04b2e-aa60-4094-9cc1-caeb3cb6cf28_table1.csv
Silicon Valley,H1 2026,vacancy_pct,4.2,H1 2026 chapter history,data/raw/market_reports/2026-09-21/cbre_h1_2026_silicon_valley_infogram/fig2_Silicon_Valley_Fig_1_24055fdc-ac59-4de3-a70e-0be1bfb25cf9_table1.csv
Silicon Valley,H1 2026,vacancy_yoy_change_bps,-34.0,H1 2026,data/raw/market_reports/2026-09-21/cbre_h1_2026_overview_infogram/fig1_Fig_1_69f04b2e-aa60-4094-9cc1-caeb3cb6cf28_table1.csv
Southern California,H1 2024,available_mw,24.6,H1 2024,data/raw/market_reports/2026-09-21/cbre_h1_2024_overview_infogram/fig2_FIG02_d8e6bfee-51ad-4f33-97fb-ca4c0ab359c4_table1.csv
Southern California,H1 2024,inventory_mw,164.3,H1 2024,data/raw/market_reports/2026-09-21/cbre_h1_2024_overview_infogram/fig2_FIG02_d8e6bfee-51ad-4f33-97fb-ca4c0ab359c4_table1.csv
Southern California,H1 2024,inventory_yoy_change_mw,15.4,H1 2024,data/raw/market_reports/2026-09-21/cbre_h1_2024_overview_infogram/fig2_FIG02_d8e6bfee-51ad-4f33-97fb-ca4c0ab359c4_table1.csv
Southern California,H1 2024,net_absorption_mw,13.8,H1 2024,data/raw/market_reports/2026-09-21/cbre_h1_2024_overview_infogram/fig2_FIG02_d8e6bfee-51ad-4f33-97fb-ca4c0ab359c4_table1.csv
Southern California,H1 2024,net_absorption_yoy_change_mw,10.6,H1 2024,data/raw/market_reports/2026-09-21/cbre_h1_2024_overview_infogram/fig2_FIG02_d8e6bfee-51ad-4f33-97fb-ca4c0ab359c4_table1.csv
Southern California,H1 2024,rental_rate_kw_month,$180-$190,H1 2024,data/raw/market_reports/2026-09-21/cbre_h1_2024_overview_infogram/fig2_FIG02_d8e6bfee-51ad-4f33-97fb-ca4c0ab359c4_table1.csv
Southern California,H1 2024,vacancy_pct,15.0,H1 2024,data/raw/market_reports/2026-09-21/cbre_h1_2024_overview_infogram/fig2_FIG02_d8e6bfee-51ad-4f33-97fb-ca4c0ab359c4_table1.csv
Southern California,H1 2024,vacancy_yoy_change_bps,-290.0,H1 2024,data/raw/market_reports/2026-09-21/cbre_h1_2024_overview_infogram/fig2_FIG02_d8e6bfee-51ad-4f33-97fb-ca4c0ab359c4_table1.csv
Southern California,H2 2024,available_mw,27.5,H2 2024,data/raw/market_reports/2026-09-21/cbre_h2_2024_overview_infogram/fig2_FIG_02_4426a286-50ff-4df0-b034-3f0999511582_table1.csv
Southern California,H2 2024,inventory_mw,176.1,H2 2024,data/raw/market_reports/2026-09-21/cbre_h2_2024_overview_infogram/fig2_FIG_02_4426a286-50ff-4df0-b034-3f0999511582_table1.csv
Southern California,H2 2024,inventory_yoy_change_mw,15.6,H2 2024,data/raw/market_reports/2026-09-21/cbre_h2_2024_overview_infogram/fig2_FIG_02_4426a286-50ff-4df0-b034-3f0999511582_table1.csv
Southern California,H2 2024,net_absorption_mw,22.7,H2 2024,data/raw/market_reports/2026-09-21/cbre_h2_2024_overview_infogram/fig2_FIG_02_4426a286-50ff-4df0-b034-3f0999511582_table1.csv
Southern California,H2 2024,net_absorption_yoy_change_mw,15.9,H2 2024,data/raw/market_reports/2026-09-21/cbre_h2_2024_overview_infogram/fig2_FIG_02_4426a286-50ff-4df0-b034-3f0999511582_table1.csv
Southern California,H2 2024,rental_rate_kw_month,$180-$190,H2 2024,data/raw/market_reports/2026-09-21/cbre_h2_2024_overview_infogram/fig2_FIG_02_4426a286-50ff-4df0-b034-3f0999511582_table1.csv
Southern California,H2 2024,vacancy_pct,15.6,H2 2024,data/raw/market_reports/2026-09-21/cbre_h2_2024_overview_infogram/fig2_FIG_02_4426a286-50ff-4df0-b034-3f0999511582_table1.csv
Southern California,H2 2024,vacancy_yoy_change_bps,-600.0,H2 2024,data/raw/market_reports/2026-09-21/cbre_h2_2024_overview_infogram/fig2_FIG_02_4426a286-50ff-4df0-b034-3f0999511582_table1.csv
Southern California,H1 2025,available_mw,24.5,H1 2025,data/raw/market_reports/2026-09-21/cbre_h1_2025_overview_infogram/fig2_Fig_2_a5fd8e5b-4f1d-4f2f-b3fe-7bae19e12b42_table1.csv
Southern California,H1 2025,inventory_mw,200.3,H1 2025,data/raw/market_reports/2026-09-21/cbre_h1_2025_overview_infogram/fig2_Fig_2_a5fd8e5b-4f1d-4f2f-b3fe-7bae19e12b42_table1.csv
Southern California,H1 2025,inventory_yoy_change_mw,36.0,H1 2025,data/raw/market_reports/2026-09-21/cbre_h1_2025_overview_infogram/fig2_Fig_2_a5fd8e5b-4f1d-4f2f-b3fe-7bae19e12b42_table1.csv
Southern California,H1 2025,net_absorption_mw,27.2,H1 2025,data/raw/market_reports/2026-09-21/cbre_h1_2025_overview_infogram/fig2_Fig_2_a5fd8e5b-4f1d-4f2f-b3fe-7bae19e12b42_table1.csv
Southern California,H1 2025,net_absorption_yoy_change_mw,13.4,H1 2025,data/raw/market_reports/2026-09-21/cbre_h1_2025_overview_infogram/fig2_Fig_2_a5fd8e5b-4f1d-4f2f-b3fe-7bae19e12b42_table1.csv
Southern California,H1 2025,rental_rate_kw_month,$180-$250,H1 2025,data/raw/market_reports/2026-09-21/cbre_h1_2025_overview_infogram/fig2_Fig_2_a5fd8e5b-4f1d-4f2f-b3fe-7bae19e12b42_table1.csv
Southern California,H1 2025,vacancy_pct,12.2,H1 2025,data/raw/market_reports/2026-09-21/cbre_h1_2025_overview_infogram/fig2_Fig_2_a5fd8e5b-4f1d-4f2f-b3fe-7bae19e12b42_table1.csv
Southern California,H1 2025,vacancy_yoy_change_bps,-277.0,H1 2025,data/raw/market_reports/2026-09-21/cbre_h1_2025_overview_infogram/fig2_Fig_2_a5fd8e5b-4f1d-4f2f-b3fe-7bae19e12b42_table1.csv
Southern California,H2 2025,available_mw,25.4,H2 2025,data/raw/market_reports/2026-09-21/cbre_h2_2025_overview_infogram/fig2_Fig_2_84bd77f5-8a8d-4921-b001-056ece8e451d_table1.csv
Southern California,H2 2025,inventory_mw,200.3,H2 2025,data/raw/market_reports/2026-09-21/cbre_h2_2025_overview_infogram/fig2_Fig_2_84bd77f5-8a8d-4921-b001-056ece8e451d_table1.csv
Southern California,H2 2025,inventory_yoy_change_mw,24.2,H2 2025,data/raw/market_reports/2026-09-21/cbre_h2_2025_overview_infogram/fig2_Fig_2_84bd77f5-8a8d-4921-b001-056ece8e451d_table1.csv
Southern California,H2 2025,net_absorption_mw,26.3,H2 2025,data/raw/market_reports/2026-09-21/cbre_h2_2025_overview_infogram/fig2_Fig_2_84bd77f5-8a8d-4921-b001-056ece8e451d_table1.csv
Southern California,H2 2025,net_absorption_yoy_change_mw,3.6,H2 2025,data/raw/market_reports/2026-09-21/cbre_h2_2025_overview_infogram/fig2_Fig_2_84bd77f5-8a8d-4921-b001-056ece8e451d_table1.csv
Southern California,H2 2025,rental_rate_kw_month,$175-$250,H2 2025,data/raw/market_reports/2026-09-21/cbre_h2_2025_overview_infogram/fig2_Fig_2_84bd77f5-8a8d-4921-b001-056ece8e451d_table1.csv
Southern California,H2 2025,vacancy_pct,12.7,H2 2025,data/raw/market_reports/2026-09-21/cbre_h2_2025_overview_infogram/fig2_Fig_2_84bd77f5-8a8d-4921-b001-056ece8e451d_table1.csv
Southern California,H2 2025,vacancy_yoy_change_bps,-292.0,H2 2025,data/raw/market_reports/2026-09-21/cbre_h2_2025_overview_infogram/fig2_Fig_2_84bd77f5-8a8d-4921-b001-056ece8e451d_table1.csv
Southern California,H1 2026,available_mw,25.2,H1 2026,data/raw/market_reports/2026-09-21/cbre_h1_2026_overview_infogram/fig2_Fig_2_ad25668b-d191-4467-abc2-922af4d77e17_table1.csv
Southern California,H1 2026,inventory_mw,200.2,H1 2026,data/raw/market_reports/2026-09-21/cbre_h1_2026_overview_infogram/fig2_Fig_2_ad25668b-d191-4467-abc2-922af4d77e17_table1.csv
Southern California,H1 2026,inventory_yoy_change_mw,-0.1,H1 2026,data/raw/market_reports/2026-09-21/cbre_h1_2026_overview_infogram/fig2_Fig_2_ad25668b-d191-4467-abc2-922af4d77e17_table1.csv
Southern California,H1 2026,net_absorption_mw,0.2,H1 2026,data/raw/market_reports/2026-09-21/cbre_h1_2026_overview_infogram/fig2_Fig_2_ad25668b-d191-4467-abc2-922af4d77e17_table1.csv
Southern California,H1 2026,net_absorption_yoy_change_mw,-27.0,H1 2026,data/raw/market_reports/2026-09-21/cbre_h1_2026_overview_infogram/fig2_Fig_2_ad25668b-d191-4467-abc2-922af4d77e17_table1.csv
Southern California,H1 2026,rental_rate_kw_month,$175-$250,H1 2026,data/raw/market_reports/2026-09-21/cbre_h1_2026_overview_infogram/fig2_Fig_2_ad25668b-d191-4467-abc2-922af4d77e17_table1.csv
Southern California,H1 2026,vacancy_pct,12.6,H1 2026,data/raw/market_reports/2026-09-21/cbre_h1_2026_overview_infogram/fig2_Fig_2_ad25668b-d191-4467-abc2-922af4d77e17_table1.csv
Southern California,H1 2026,vacancy_yoy_change_bps,37.0,H1 2026,data/raw/market_reports/2026-09-21/cbre_h1_2026_overview_infogram/fig2_Fig_2_ad25668b-d191-4467-abc2-922af4d77e17_table1.csv
